city,forecast_date,temperature_max_c,temperature_min_c,precipitation_sum_mm,precipitation_probability_max,fetched_at
La Rochelle,2026-09-25,23.2,19.2,0.0,0,2026-09-25 17:01:00.771305
La Rochelle,2026-09-26,21.1,16.8,0.0,0,2026-09-25 17:01:00.771305
La Rochelle,2026-09-27,22.7,19.1,0.0,3,2026-09-25 17:01:00.771305
La Rochelle,2026-09-28,22.7,19.2,5.4,70,2026-09-25 17:01:00.771305
La Rochelle,2026-09-29,27.6,20.0,0.0,25,2026-09-25 17:01:00.771305
La Rochelle,2026-09-30,24.4,19.5,0.6,40,2026-09-25 17:01:00.771305
La Rochelle,2026-10-01,20.3,16.8,1.2,54,2026-09-25 17:01:00.771305
Sète,2026-09-25,27.5,18.8,0.0,0,2026-09-25 17:01:00.771305
Sète,2026-09-26,24.1,19.3,0.0,0,2026-09-25 17:01:00.771305
Sète,2026-09-27,24.5,19.3,0.0,0,2026-09-25 17:01:00.771305
Sète,2026-09-28,25.1,19.1,0.0,8,2026-09-25 17:01:00.771305
Sète,2026-09-29,22.8,19.9,11.9,63,2026-09-25 17:01:00.771305
Sète,2026-09-30,22.1,19.3,32.1,89,2026-09-25 17:01:00.771305
Sète,2026-10-01,24.0,19.1,25.8,84,2026-09-25 17:01:00.771305
Perpignan,2026-09-25,30.6,15.5,0.0,0,2026-09-25 17:01:00.771305
Perpignan,2026-09-26,27.3,18.1,0.0,0,2026-09-25 17:01:00.771305
Perpignan,2026-09-27,25.5,17.2,0.0,0,2026-09-25 17:01:00.771305
Perpignan,2026-09-28,28.2,21.3,0.0,3,2026-09-25 17:01:00.771305
Perpignan,2026-09-29,25.0,21.8,0.55,25,2026-09-25 17:01:00.771305
Perpignan,2026-09-30,28.1,18.5,0.0,20,2026-09-25 17:01:00.771305
Perpignan,2026-10-01,25.9,21.1,0.0,44,2026-09-25 17:01:00.771305
Paris,2026-09-25,28.9,9.9,0.0,0,2026-09-25 17:01:00.771305
Paris,2026-09-26,23.0,14.1,0.0,0,2026-09-25 17:01:00.771305
Paris,2026-09-27,25.7,10.9,0.0,5,2026-09-25 17:01:00.771305
Paris,2026-09-28,25.6,15.8,0.5,49,2026-09-25 17:01:00.771305
Paris,2026-09-29,28.8,16.7,0.0,30,2026-09-25 17:01:00.771305
Paris,2026-09-30,23.2,19.3,4.65,59,2026-09-25 17:01:00.771305
Paris,2026-10-01,19.2,13.0,26.1,70,2026-09-25 17:01:00.771305
Rennes,2026-09-25,28.9,14.9,0.0,0,2026-09-25 17:01:00.771305
Rennes,2026-09-26,24.6,14.5,0.0,0,2026-09-25 17:01:00.771305
Rennes,2026-09-27,24.0,15.3,0.03,38,2026-09-25 17:01:00.771305
Rennes,2026-09-28,19.7,16.1,5.3,78,2026-09-25 17:01:00.771305
Rennes,2026-09-29,27.5,16.9,0.0,36,2026-09-25 17:01:00.771305
Rennes,2026-09-30,21.2,16.8,4.2,46,2026-09-25 17:01:00.771305
Rennes,2026-10-01,19.6,12.8,1.2,37,2026-09-25 17:01:00.771305
Metz,2026-09-25,22.6,6.9,0.0,0,2026-09-25 17:01:00.771305
Metz,2026-09-26,26.9,7.9,0.0,0,2026-09-25 17:01:00.771305
Metz,2026-09-27,27.5,11.0,0.0,0,2026-09-25 17:01:00.771305
Metz,2026-09-28,28.1,15.8,0.0,0,2026-09-25 17:01:00.771305
Metz,2026-09-29,27.4,13.8,0.0,0,2026-09-25 17:01:00.771305
Metz,2026-09-30,26.8,13.2,0.0,6,2026-09-25 17:01:00.771305
Metz,2026-10-01,23.7,12.2,10.2,58,2026-09-25 17:01:00.771305
Beaulieu-sur-Mer,2026-09-25,25.3,20.2,0.0,0,2026-09-25 17:01:00.771305
Beaulieu-sur-Mer,2026-09-26,24.7,21.0,0.0,0,2026-09-25 17:01:00.771305
Beaulieu-sur-Mer,2026-09-27,25.9,19.6,0.0,0,2026-09-25 17:01:00.771305
Beaulieu-sur-Mer,2026-09-28,25.3,19.3,0.0,0,2026-09-25 17:01:00.771305
Beaulieu-sur-Mer,2026-09-29,25.9,19.4,0.0,2,2026-09-25 17:01:00.771305
Beaulieu-sur-Mer,2026-09-30,25.7,19.8,0.0,5,2026-09-25 17:01:00.771305
Beaulieu-sur-Mer,2026-10-01,23.8,19.6,16.8,40,2026-09-25 17:01:00.771305
Nîmes,2026-09-25,30.6,19.9,0.0,0,2026-09-25 17:01:00.771305
Nîmes,2026-09-26,27.5,17.4,0.0,0,2026-09-25 17:01:00.771305
Nîmes,2026-09-27,27.1,18.4,0.0,3,2026-09-25 17:01:00.771305
Nîmes,2026-09-28,26.2,18.2,0.0,8,2026-09-25 17:01:00.771305
Nîmes,2026-09-29,25.6,19.2,0.0,39,2026-09-25 17:01:00.771305
Nîmes,2026-09-30,23.0,20.8,7.05,65,2026-09-25 17:01:00.771305
Nîmes,2026-10-01,22.5,18.6,24.9,70,2026-09-25 17:01:00.771305
Dijon,2026-09-25,25.6,11.4,0.0,0,2026-09-25 17:01:00.771305
Dijon,2026-09-26,26.8,11.8,0.0,0,2026-09-25 17:01:00.771305
Dijon,2026-09-27,28.7,13.0,0.0,0,2026-09-25 17:01:00.771305
Dijon,2026-09-28,28.1,15.9,0.0,3,2026-09-25 17:01:00.771305
Dijon,2026-09-29,27.1,15.2,0.0,3,2026-09-25 17:01:00.771305
Dijon,2026-09-30,26.1,17.2,0.0,12,2026-09-25 17:01:00.771305
Dijon,2026-10-01,20.6,15.2,24.6,70,2026-09-25 17:01:00.771305
Nancy,2026-09-25,24.2,9.3,0.0,0,2026-09-25 17:01:00.771305
Nancy,2026-09-26,27.8,10.2,0.0,0,2026-09-25 17:01:00.771305
Nancy,2026-09-27,28.4,12.7,0.0,0,2026-09-25 17:01:00.771305
Nancy,2026-09-28,28.9,15.2,0.0,5,2026-09-25 17:01:00.771305
Nancy,2026-09-29,28.9,14.8,0.0,0,2026-09-25 17:01:00.771305
Nancy,2026-09-30,27.0,16.1,0.0,6,2026-09-25 17:01:00.771305
Nancy,2026-10-01,21.9,15.6,9.9,68,2026-09-25 17:01:00.771305
Lyon,2026-09-25,28.0,13.5,0.0,0,2026-09-25 17:01:00.771305
Lyon,2026-09-26,28.5,13.0,0.0,0,2026-09-25 17:01:00.771305
Lyon,2026-09-27,28.5,16.5,0.0,0,2026-09-25 17:01:00.771305
Lyon,2026-09-28,28.4,17.1,0.0,0,2026-09-25 17:01:00.771305
Lyon,2026-09-29,27.0,16.6,0.0,6,2026-09-25 17:01:00.771305
Lyon,2026-09-30,25.5,20.1,0.75,16,2026-09-25 17:01:00.771305
Lyon,2026-10-01,20.4,16.7,29.1,83,2026-09-25 17:01:00.771305
Lille,2026-09-25,25.7,11.5,0.0,0,2026-09-25 17:01:00.771305
Lille,2026-09-26,18.4,15.0,0.0,6,2026-09-25 17:01:00.771305
Lille,2026-09-27,24.6,14.9,0.0,12,2026-09-25 17:01:00.771305
Lille,2026-09-28,23.0,16.0,2.8,37,2026-09-25 17:01:00.771305
Lille,2026-09-29,26.7,15.7,0.0,36,2026-09-25 17:01:00.771305
Lille,2026-09-30,26.7,18.2,3.6,49,2026-09-25 17:01:00.771305
Lille,2026-10-01,19.9,14.1,1.2,56,2026-09-25 17:01:00.771305
Orléans,2026-09-25,19.8,17.3,1.8,55,2026-09-25 17:01:00.771305
Orléans,2026-09-26,19.4,17.3,1.0,45,2026-09-25 17:01:00.771305
Orléans,2026-09-27,19.8,17.7,3.6,90,2026-09-25 17:01:00.771305
Orléans,2026-09-28,18.9,17.3,3.3,28,2026-09-25 17:01:00.771305
Orléans,2026-09-29,20.3,18.6,11.1,75,2026-09-25 17:01:00.771305
Orléans,2026-09-30,19.1,16.6,4.8,73,2026-09-25 17:01:00.771305
Orléans,2026-10-01,18.5,16.7,1.8,61,2026-09-25 17:01:00.771305
Troyes,2026-09-25,26.6,7.0,0.0,0,2026-09-25 17:01:00.771305
Troyes,2026-09-26,24.5,11.3,0.0,0,2026-09-25 17:01:00.771305
Troyes,2026-09-27,28.3,10.9,0.0,3,2026-09-25 17:01:00.771305
Troyes,2026-09-28,27.2,14.3,0.3,20,2026-09-25 17:01:00.771305
Troyes,2026-09-29,30.3,16.1,0.0,3,2026-09-25 17:01:00.771305
Troyes,2026-09-30,28.7,17.4,0.3,25,2026-09-25 17:01:00.771305
Troyes,2026-10-01,20.6,15.5,42.3,71,2026-09-25 17:01:00.771305
Menton,2026-09-25,18.5,12.6,0.0,0,2026-09-25 17:01:00.771305
Menton,2026-09-26,17.6,12.1,0.0,0,2026-09-25 17:01:00.771305
Menton,2026-09-27,20.1,12.0,0.0,0,2026-09-25 17:01:00.771305
Menton,2026-09-28,21.2,13.2,0.0,0,2026-09-25 17:01:00.771305
Menton,2026-09-29,21.8,14.4,0.0,4,2026-09-25 17:01:00.771305
Menton,2026-09-30,20.4,14.7,0.0,9,2026-09-25 17:01:00.771305
Menton,2026-10-01,17.0,13.4,10.8,46,2026-09-25 17:01:00.771305
Carcassonne,2026-09-25,33.6,14.3,0.0,0,2026-09-25 17:01:00.771305
Carcassonne,2026-09-26,28.9,19.1,0.0,0,2026-09-25 17:01:00.771305
Carcassonne,2026-09-27,25.7,20.2,0.0,0,2026-09-25 17:01:00.771305
Carcassonne,2026-09-28,26.8,20.8,0.0,5,2026-09-25 17:01:00.771305
Carcassonne,2026-09-29,23.9,20.3,0.25,9,2026-09-25 17:01:00.771305
Carcassonne,2026-09-30,25.3,19.5,0.6,23,2026-09-25 17:01:00.771305
Carcassonne,2026-10-01,22.1,18.7,0.3,55,2026-09-25 17:01:00.771305
Saint-Étienne,2026-09-25,26.7,11.7,0.0,0,2026-09-25 17:01:00.771305
Saint-Étienne,2026-09-26,27.2,14.6,0.0,0,2026-09-25 17:01:00.771305
Saint-Étienne,2026-09-27,29.5,15.1,0.0,0,2026-09-25 17:01:00.771305
Saint-Étienne,2026-09-28,26.1,17.0,0.0,0,2026-09-25 17:01:00.771305
Saint-Étienne,2026-09-29,24.9,16.5,0.0,6,2026-09-25 17:01:00.771305
Saint-Étienne,2026-09-30,22.4,17.5,2.4,14,2026-09-25 17:01:00.771305
Saint-Étienne,2026-10-01,17.5,13.4,40.8,73,2026-09-25 17:01:00.771305
Saint-Raphaël,2026-09-25,27.6,16.0,0.0,0,2026-09-25 17:01:00.771305
Saint-Raphaël,2026-09-26,26.9,16.2,0.0,0,2026-09-25 17:01:00.771305
Saint-Raphaël,2026-09-27,27.1,16.7,0.0,0,2026-09-25 17:01:00.771305
Saint-Raphaël,2026-09-28,27.8,16.4,0.0,0,2026-09-25 17:01:00.771305
Saint-Raphaël,2026-09-29,28.4,17.6,0.0,0,2026-09-25 17:01:00.771305
Saint-Raphaël,2026-09-30,26.5,16.7,0.0,29,2026-09-25 17:01:00.771305
Saint-Raphaël,2026-10-01,19.7,16.7,18.0,65,2026-09-25 17:01:00.771305
Mont Saint-Michel,2026-09-25,19.7,16.4,0.0,0,2026-09-25 17:01:00.771305
Mont Saint-Michel,2026-09-26,20.9,15.5,0.0,3,2026-09-25 17:01:00.771305
Mont Saint-Michel,2026-09-27,22.6,15.9,1.33,50,2026-09-25 17:01:00.771305
Mont Saint-Michel,2026-09-28,17.8,16.2,5.1,70,2026-09-25 17:01:00.771305
Mont Saint-Michel,2026-09-29,27.4,17.4,0.0,39,2026-09-25 17:01:00.771305
Mont Saint-Michel,2026-09-30,22.1,16.5,5.7,46,2026-09-25 17:01:00.771305
Mont Saint-Michel,2026-10-01,20.1,12.1,3.6,44,2026-09-25 17:01:00.771305
Viviers,2026-09-25,29.9,15.4,0.0,0,2026-09-25 17:01:00.771305
Viviers,2026-09-26,29.1,15.1,0.0,0,2026-09-25 17:01:00.771305
Viviers,2026-09-27,28.6,16.2,0.0,5,2026-09-25 17:01:00.771305
Viviers,2026-09-28,28.3,16.2,0.0,0,2026-09-25 17:01:00.771305
Viviers,2026-09-29,27.0,16.3,0.0,20,2026-09-25 17:01:00.771305
Viviers,2026-09-30,24.1,18.9,4.35,34,2026-09-25 17:01:00.771305
Viviers,2026-10-01,20.6,18.1,31.5,78,2026-09-25 17:01:00.771305
Collioure,2026-09-25,29.4,19.8,0.0,0,2026-09-25 17:01:00.771305
Collioure,2026-09-26,25.5,20.2,0.0,0,2026-09-25 17:01:00.771305
Collioure,2026-09-27,25.9,19.1,0.0,3,2026-09-25 17:01:00.771305
Collioure,2026-09-28,27.1,21.2,0.0,10,2026-09-25 17:01:00.771305
Collioure,2026-09-29,22.2,20.6,11.4,64,2026-09-25 17:01:00.771305
Collioure,2026-09-30,27.5,19.5,0.0,32,2026-09-25 17:01:00.771305
Collioure,2026-10-01,25.5,20.6,0.0,57,2026-09-25 17:01:00.771305
Clermont-Ferrand,2026-09-25,29.1,10.5,0.0,0,2026-09-25 17:01:00.771305
Clermont-Ferrand,2026-09-26,26.9,12.3,0.0,0,2026-09-25 17:01:00.771305
Clermont-Ferrand,2026-09-27,31.8,11.7,0.0,0,2026-09-25 17:01:00.771305
Clermont-Ferrand,2026-09-28,27.7,15.6,0.0,8,2026-09-25 17:01:00.771305
Clermont-Ferrand,2026-09-29,27.2,16.8,0.0,3,2026-09-25 17:01:00.771305
Clermont-Ferrand,2026-09-30,27.8,17.5,0.0,29,2026-09-25 17:01:00.771305
Clermont-Ferrand,2026-10-01,19.5,13.4,24.0,70,2026-09-25 17:01:00.771305
Ajaccio,2026-09-25,25.8,15.2,0.0,0,2026-09-25 17:01:00.771305
Ajaccio,2026-09-26,23.8,16.9,0.0,3,2026-09-25 17:01:00.771305
Ajaccio,2026-09-27,24.0,14.9,0.0,0,2026-09-25 17:01:00.771305
Ajaccio,2026-09-28,24.7,14.6,0.0,0,2026-09-25 17:01:00.771305
Ajaccio,2026-09-29,25.1,14.3,0.0,2,2026-09-25 17:01:00.771305
Ajaccio,2026-09-30,24.8,15.9,0.0,3,2026-09-25 17:01:00.771305
Ajaccio,2026-10-01,21.7,19.2,17.1,44,2026-09-25 17:01:00.771305
Saint-Malo,2026-09-25,20.9,12.2,0.0,0,2026-09-25 17:01:00.771305
Saint-Malo,2026-09-26,18.9,14.8,0.0,0,2026-09-25 17:01:00.771305
Saint-Malo,2026-09-27,22.9,13.5,3.85,68,2026-09-25 17:01:00.771305
Saint-Malo,2026-09-28,17.2,15.5,2.5,69,2026-09-25 17:01:00.771305
Saint-Malo,2026-09-29,26.2,16.6,0.2,36,2026-09-25 17:01:00.771305
Saint-Malo,2026-09-30,21.7,15.6,4.5,42,2026-09-25 17:01:00.771305
Saint-Malo,2026-10-01,19.8,12.6,3.0,32,2026-09-25 17:01:00.771305
Biarritz,2026-09-25,26.3,14.3,0.0,0,2026-09-25 17:01:00.771305
Biarritz,2026-09-26,24.0,12.4,0.0,0,2026-09-25 17:01:00.771305
Biarritz,2026-09-27,26.5,17.5,0.0,26,2026-09-25 17:01:00.771305
Biarritz,2026-09-28,22.4,15.2,1.0,70,2026-09-25 17:01:00.771305
Biarritz,2026-09-29,22.0,12.8,0.0,40,2026-09-25 17:01:00.771305
Biarritz,2026-09-30,20.7,12.6,5.1,70,2026-09-25 17:01:00.771305
Biarritz,2026-10-01,15.6,9.8,4.2,73,2026-09-25 17:01:00.771305
Aix-en-Provence,2026-09-25,28.2,12.3,0.0,0,2026-09-25 17:01:00.771305
Aix-en-Provence,2026-09-26,27.5,15.9,0.0,0,2026-09-25 17:01:00.771305
Aix-en-Provence,2026-09-27,28.1,16.7,0.0,0,2026-09-25 17:01:00.771305
Aix-en-Provence,2026-09-28,27.2,16.1,0.0,0,2026-09-25 17:01:00.771305
Aix-en-Provence,2026-09-29,27.9,15.6,0.0,2,2026-09-25 17:01:00.771305
Aix-en-Provence,2026-09-30,25.6,20.5,1.95,24,2026-09-25 17:01:00.771305
Aix-en-Provence,2026-10-01,22.2,17.4,16.2,65,2026-09-25 17:01:00.771305
Poitiers,2026-09-25,31.9,12.9,0.0,0,2026-09-25 17:01:00.771305
Poitiers,2026-09-26,24.2,15.6,0.0,0,2026-09-25 17:01:00.771305
Poitiers,2026-09-27,28.9,13.0,0.0,3,2026-09-25 17:01:00.771305
Poitiers,2026-09-28,26.3,18.3,0.4,58,2026-09-25 17:01:00.771305
Poitiers,2026-09-29,30.6,19.2,0.3,23,2026-09-25 17:01:00.771305
Poitiers,2026-09-30,25.1,20.0,3.9,54,2026-09-25 17:01:00.771305
Poitiers,2026-10-01,19.2,14.8,13.2,67,2026-09-25 17:01:00.771305
Deauville,2026-09-25,29.6,15.4,0.0,0,2026-09-25 17:01:00.771305
Deauville,2026-09-26,19.3,15.1,0.0,3,2026-09-25 17:01:00.771305
Deauville,2026-09-27,24.6,13.6,0.69,30,2026-09-25 17:01:00.771305
Deauville,2026-09-28,20.5,15.4,9.2,71,2026-09-25 17:01:00.771305
Deauville,2026-09-29,28.1,18.1,0.0,45,2026-09-25 17:01:00.771305
Deauville,2026-09-30,22.7,19.7,9.3,59,2026-09-25 17:01:00.771305
Deauville,2026-10-01,19.5,16.6,4.8,63,2026-09-25 17:01:00.771305
Reims,2026-09-25,25.8,7.3,0.0,0,2026-09-25 17:01:00.771305
Reims,2026-09-26,25.1,10.3,0.0,0,2026-09-25 17:01:00.771305
Reims,2026-09-27,26.6,10.5,0.0,0,2026-09-25 17:01:00.771305
Reims,2026-09-28,26.9,14.9,1.1,18,2026-09-25 17:01:00.771305
Reims,2026-09-29,29.4,17.0,0.0,15,2026-09-25 17:01:00.771305
Reims,2026-09-30,27.9,18.9,0.0,20,2026-09-25 17:01:00.771305
Reims,2026-10-01,21.6,16.4,30.9,72,2026-09-25 17:01:00.771305
Montpellier,2026-09-25,30.6,14.3,0.0,0,2026-09-25 17:01:00.771305
Montpellier,2026-09-26,26.4,15.2,0.0,0,2026-09-25 17:01:00.771305
Montpellier,2026-09-27,25.3,18.8,0.0,0,2026-09-25 17:01:00.771305
Montpellier,2026-09-28,24.7,18.0,0.2,15,2026-09-25 17:01:00.771305
Montpellier,2026-09-29,24.0,20.0,4.8,66,2026-09-25 17:01:00.771305
Montpellier,2026-09-30,22.1,21.1,20.85,91,2026-09-25 17:01:00.771305
Montpellier,2026-10-01,23.4,17.4,20.4,84,2026-09-25 17:01:00.771305
Versailles,2026-09-25,29.7,10.5,0.0,0,2026-09-25 17:01:00.771305
Versailles,2026-09-26,23.1,11.9,0.0,0,2026-09-25 17:01:00.771305
Versailles,2026-09-27,24.3,12.8,0.5,20,2026-09-25 17:01:00.771305
Versailles,2026-09-28,21.3,16.1,2.8,68,2026-09-25 17:01:00.771305
Versailles,2026-09-29,27.7,17.6,0.9,42,2026-09-25 17:01:00.771305
Versailles,2026-09-30,23.4,19.0,6.0,57,2026-09-25 17:01:00.771305
Versailles,2026-10-01,18.5,11.4,0.6,60,2026-09-25 17:01:00.771305
Rocamadour,2026-09-25,31.4,8.5,0.0,0,2026-09-25 17:01:00.771305
Rocamadour,2026-09-26,26.5,15.7,0.0,0,2026-09-25 17:01:00.771305
Rocamadour,2026-09-27,31.1,13.2,0.0,8,2026-09-25 17:01:00.771305
Rocamadour,2026-09-28,28.7,18.6,0.0,18,2026-09-25 17:01:00.771305
Rocamadour,2026-09-29,29.8,20.1,0.0,9,2026-09-25 17:01:00.771305
Rocamadour,2026-09-30,29.3,20.7,6.3,41,2026-09-25 17:01:00.771305
Rocamadour,2026-10-01,20.2,14.4,49.8,85,2026-09-25 17:01:00.771305
Cannes,2026-09-25,25.9,18.6,0.0,0,2026-09-25 17:01:00.771305
Cannes,2026-09-26,26.4,17.3,0.0,0,2026-09-25 17:01:00.771305
Cannes,2026-09-27,27.3,17.0,0.0,0,2026-09-25 17:01:00.771305
Cannes,2026-09-28,27.9,16.5,0.0,0,2026-09-25 17:01:00.771305
Cannes,2026-09-29,27.8,17.5,0.0,0,2026-09-25 17:01:00.771305
Cannes,2026-09-30,26.4,16.7,0.0,8,2026-09-25 17:01:00.771305
Cannes,2026-10-01,24.2,17.7,0.6,42,2026-09-25 17:01:00.771305
Béziers,2026-09-25,32.9,14.3,0.0,0,2026-09-25 17:01:00.771305
Béziers,2026-09-26,29.3,14.2,0.0,0,2026-09-25 17:01:00.771305
Béziers,2026-09-27,25.4,18.5,0.0,33,2026-09-25 17:01:00.771305
Béziers,2026-09-28,25.0,19.1,0.1,38,2026-09-25 17:01:00.771305
Béziers,2026-09-29,23.5,20.7,9.9,87,2026-09-25 17:01:00.771305
Béziers,2026-09-30,23.4,21.0,20.85,95,2026-09-25 17:01:00.771305
Béziers,2026-10-01,21.9,16.9,10.8,80,2026-09-25 17:01:00.771305
Salon-de-Provence,2026-09-25,29.2,14.4,0.0,0,2026-09-25 17:01:00.771305
Salon-de-Provence,2026-09-26,27.6,17.6,0.0,0,2026-09-25 17:01:00.771305
Salon-de-Provence,2026-09-27,27.2,17.5,0.0,0,2026-09-25 17:01:00.771305
Salon-de-Provence,2026-09-28,26.8,17.5,0.0,0,2026-09-25 17:01:00.771305
Salon-de-Provence,2026-09-29,27.0,17.4,0.0,6,2026-09-25 17:01:00.771305
Salon-de-Provence,2026-09-30,26.3,21.1,0.9,31,2026-09-25 17:01:00.771305
Salon-de-Provence,2026-10-01,22.1,18.3,17.1,70,2026-09-25 17:01:00.771305
Marseille,2026-09-25,28.0,16.3,0.0,0,2026-09-25 17:01:00.771305
Marseille,2026-09-26,26.9,19.1,0.0,0,2026-09-25 17:01:00.771305
Marseille,2026-09-27,27.7,19.9,0.0,0,2026-09-25 17:01:00.771305
Marseille,2026-09-28,27.9,18.5,0.0,0,2026-09-25 17:01:00.771305
Marseille,2026-09-29,28.5,19.4,0.0,1,2026-09-25 17:01:00.771305
Marseille,2026-09-30,26.3,22.1,0.0,31,2026-09-25 17:01:00.771305
Marseille,2026-10-01,22.4,19.4,24.6,69,2026-09-25 17:01:00.771305
Lourdes,2026-09-25,34.5,22.2,0.0,0,2026-09-25 17:01:00.771305
Lourdes,2026-09-26,34.4,22.4,0.0,0,2026-09-25 17:01:00.771305
Lourdes,2026-09-27,34.6,23.3,0.0,0,2026-09-25 17:01:00.771305
Lourdes,2026-09-28,33.3,23.9,0.0,0,2026-09-25 17:01:00.771305
Lourdes,2026-09-29,33.2,21.8,0.0,2,2026-09-25 17:01:00.771305
Lourdes,2026-09-30,33.5,21.6,0.0,0,2026-09-25 17:01:00.771305
Lourdes,2026-10-01,34.7,23.1,0.0,0,2026-09-25 17:01:00.771305
Tours,2026-09-25,31.5,13.5,0.0,0,2026-09-25 17:01:00.771305
Tours,2026-09-26,24.6,15.5,0.0,0,2026-09-25 17:01:00.771305
Tours,2026-09-27,28.1,14.0,0.0,3,2026-09-25 17:01:00.771305
Tours,2026-09-28,26.3,17.2,1.2,53,2026-09-25 17:01:00.771305
Tours,2026-09-29,30.0,18.6,0.0,29,2026-09-25 17:01:00.771305
Tours,2026-09-30,25.1,19.8,3.0,56,2026-09-25 17:01:00.771305
Tours,2026-10-01,18.8,12.9,12.0,69,2026-09-25 17:01:00.771305
Fréjus,2026-09-25,27.1,18.6,0.0,0,2026-09-25 17:01:00.771305
Fréjus,2026-09-26,25.9,17.8,0.0,0,2026-09-25 17:01:00.771305
Fréjus,2026-09-27,26.8,17.3,0.0,0,2026-09-25 17:01:00.771305
Fréjus,2026-09-28,26.9,17.3,0.0,0,2026-09-25 17:01:00.771305
Fréjus,2026-09-29,27.2,18.4,0.0,0,2026-09-25 17:01:00.771305
Fréjus,2026-09-30,27.0,18.0,0.0,8,2026-09-25 17:01:00.771305
Fréjus,2026-10-01,25.0,19.2,0.6,42,2026-09-25 17:01:00.771305
Strasbourg,2026-09-25,22.7,6.3,0.0,0,2026-09-25 17:01:00.771305
Strasbourg,2026-09-26,27.2,8.1,0.0,0,2026-09-25 17:01:00.771305
Strasbourg,2026-09-27,29.8,9.8,0.0,0,2026-09-25 17:01:00.771305
Strasbourg,2026-09-28,31.1,13.1,0.0,0,2026-09-25 17:01:00.771305
Strasbourg,2026-09-29,28.2,14.3,0.0,0,2026-09-25 17:01:00.771305
Strasbourg,2026-09-30,26.4,13.2,0.6,3,2026-09-25 17:01:00.771305
Strasbourg,2026-10-01,24.2,12.1,14.1,54,2026-09-25 17:01:00.771305
Toulouse,2026-09-25,30.6,13.7,0.0,0,2026-09-25 17:01:00.771305
Toulouse,2026-09-26,26.7,17.6,0.0,0,2026-09-25 17:01:00.771305
Toulouse,2026-09-27,28.2,18.2,0.0,0,2026-09-25 17:01:00.771305
Toulouse,2026-09-28,28.3,18.8,0.0,5,2026-09-25 17:01:00.771305
Toulouse,2026-09-29,28.2,21.3,0.0,4,2026-09-25 17:01:00.771305
Toulouse,2026-09-30,30.9,20.9,0.0,25,2026-09-25 17:01:00.771305
Toulouse,2026-10-01,20.9,15.4,20.4,59,2026-09-25 17:01:00.771305
Mulhouse,2026-09-25,22.7,8.4,0.0,0,2026-09-25 17:01:00.771305
Mulhouse,2026-09-26,27.4,10.1,0.0,0,2026-09-25 17:01:00.771305
Mulhouse,2026-09-27,29.0,14.0,0.0,0,2026-09-25 17:01:00.771305
Mulhouse,2026-09-28,30.2,13.4,0.0,0,2026-09-25 17:01:00.771305
Mulhouse,2026-09-29,27.7,10.9,0.0,0,2026-09-25 17:01:00.771305
Mulhouse,2026-09-30,26.8,12.7,0.0,3,2026-09-25 17:01:00.771305
Mulhouse,2026-10-01,25.3,11.8,10.2,56,2026-09-25 17:01:00.771305
Saint-Rémy-de-Provence,2026-09-25,28.8,17.5,0.0,0,2026-09-25 17:01:00.771305
Saint-Rémy-de-Provence,2026-09-26,27.4,18.5,0.0,0,2026-09-25 17:01:00.771305
Saint-Rémy-de-Provence,2026-09-27,27.3,17.7,0.0,0,2026-09-25 17:01:00.771305
Saint-Rémy-de-Provence,2026-09-28,27.0,17.8,0.0,0,2026-09-25 17:01:00.771305
Saint-Rémy-de-Provence,2026-09-29,26.6,17.0,0.0,8,2026-09-25 17:01:00.771305
Saint-Rémy-de-Provence,2026-09-30,24.5,20.0,3.9,32,2026-09-25 17:01:00.771305
Saint-Rémy-de-Provence,2026-10-01,21.1,17.7,17.1,70,2026-09-25 17:01:00.771305
Étretat,2026-09-25,25.6,15.4,0.0,0,2026-09-25 17:01:00.771305
Étretat,2026-09-26,18.3,15.0,0.0,3,2026-09-25 17:01:00.771305
Étretat,2026-09-27,23.5,13.9,1.89,38,2026-09-25 17:01:00.771305
Étretat,2026-09-28,19.6,15.0,13.3,68,2026-09-25 17:01:00.771305
Étretat,2026-09-29,27.5,18.1,0.3,44,2026-09-25 17:01:00.771305
Étretat,2026-09-30,22.9,19.1,9.9,69,2026-09-25 17:01:00.771305
Étretat,2026-10-01,18.9,15.3,3.0,73,2026-09-25 17:01:00.771305
Narbonne,2026-09-25,31.8,18.5,0.0,0,2026-09-25 17:01:00.771305
Narbonne,2026-09-26,27.8,17.9,0.0,0,2026-09-25 17:01:00.771305
Narbonne,2026-09-27,23.6,19.6,0.0,15,2026-09-25 17:01:00.771305
Narbonne,2026-09-28,24.0,21.5,0.1,28,2026-09-25 17:01:00.771305
Narbonne,2026-09-29,22.2,20.9,11.83,71,2026-09-25 17:01:00.771305
Narbonne,2026-09-30,24.3,20.4,1.5,42,2026-09-25 17:01:00.771305
Narbonne,2026-10-01,23.5,19.5,5.4,61,2026-09-25 17:01:00.771305
Avignon,2026-09-25,31.6,9.6,0.0,0,2026-09-25 17:01:00.771305
Avignon,2026-09-26,27.4,14.7,0.0,0,2026-09-25 17:01:00.771305
Avignon,2026-09-27,31.4,12.2,0.0,0,2026-09-25 17:01:00.771305
Avignon,2026-09-28,29.4,16.9,0.0,10,2026-09-25 17:01:00.771305
Avignon,2026-09-29,30.6,20.1,0.0,7,2026-09-25 17:01:00.771305
Avignon,2026-09-30,31.5,19.0,0.0,29,2026-09-25 17:01:00.771305
Avignon,2026-10-01,20.9,15.5,22.2,78,2026-09-25 17:01:00.771305
Blois,2026-09-25,31.4,7.8,0.0,0,2026-09-25 17:01:00.771305
Blois,2026-09-26,25.4,14.7,0.0,0,2026-09-25 17:01:00.771305
Blois,2026-09-27,28.5,9.3,0.0,0,2026-09-25 17:01:00.771305
Blois,2026-09-28,26.2,16.9,0.9,43,2026-09-25 17:01:00.771305
Blois,2026-09-29,30.3,15.8,0.0,19,2026-09-25 17:01:00.771305
Blois,2026-09-30,26.3,18.5,2.1,56,2026-09-25 17:01:00.771305
Blois,2026-10-01,19.6,14.2,22.8,72,2026-09-25 17:01:00.771305
Besançon,2026-09-25,23.7,7.2,0.0,0,2026-09-25 17:01:00.771305
Besançon,2026-09-26,24.6,9.5,0.0,0,2026-09-25 17:01:00.771305
Besançon,2026-09-27,28.1,12.3,0.0,0,2026-09-25 17:01:00.771305
Besançon,2026-09-28,26.5,14.2,0.0,0,2026-09-25 17:01:00.771305
Besançon,2026-09-29,28.0,14.4,0.0,0,2026-09-25 17:01:00.771305
Besançon,2026-09-30,26.9,15.5,0.0,7,2026-09-25 17:01:00.771305
Besançon,2026-10-01,22.9,14.9,24.6,69,2026-09-25 17:01:00.771305
Sarlat-la-Canéda,2026-09-25,30.2,10.7,0.0,0,2026-09-25 17:01:00.771305
Sarlat-la-Canéda,2026-09-26,25.4,14.6,0.0,0,2026-09-25 17:01:00.771305
Sarlat-la-Canéda,2026-09-27,30.4,13.1,0.0,8,2026-09-25 17:01:00.771305
Sarlat-la-Canéda,2026-09-28,28.8,16.0,0.0,30,2026-09-25 17:01:00.771305
Sarlat-la-Canéda,2026-09-29,29.9,18.6,0.0,19,2026-09-25 17:01:00.771305
Sarlat-la-Canéda,2026-09-30,28.1,19.4,1.2,51,2026-09-25 17:01:00.771305
Sarlat-la-Canéda,2026-10-01,18.9,13.4,39.9,84,2026-09-25 17:01:00.771305
Arles,2026-09-25,29.9,18.3,0.0,0,2026-09-25 17:01:00.771305
Arles,2026-09-26,27.0,16.5,0.0,0,2026-09-25 17:01:00.771305
Arles,2026-09-27,27.0,16.6,0.0,0,2026-09-25 17:01:00.771305
Arles,2026-09-28,26.3,17.7,0.0,3,2026-09-25 17:01:00.771305
Arles,2026-09-29,26.0,17.8,0.0,19,2026-09-25 17:01:00.771305
Arles,2026-09-30,23.6,20.5,4.65,65,2026-09-25 17:01:00.771305
Arles,2026-10-01,22.8,19.3,13.8,70,2026-09-25 17:01:00.771305
Èze,2026-09-25,23.0,18.6,0.0,10,2026-09-25 17:01:00.771305
Èze,2026-09-26,22.2,18.4,0.0,13,2026-09-25 17:01:00.771305
Èze,2026-09-27,23.3,17.9,0.0,0,2026-09-25 17:01:00.771305
Èze,2026-09-28,23.6,18.2,0.0,0,2026-09-25 17:01:00.771305
Èze,2026-09-29,24.2,18.3,0.0,1,2026-09-25 17:01:00.771305
Èze,2026-09-30,24.7,18.6,0.0,8,2026-09-25 17:01:00.771305
Èze,2026-10-01,22.3,16.7,27.0,40,2026-09-25 17:01:00.771305
Honfleur,2026-09-25,21.4,18.8,0.0,0,2026-09-25 17:01:00.771305
Honfleur,2026-09-26,19.2,17.5,0.0,0,2026-09-25 17:01:00.771305
Honfleur,2026-09-27,21.9,16.7,2.54,30,2026-09-25 17:01:00.771305
Honfleur,2026-09-28,19.5,16.5,12.5,73,2026-09-25 17:01:00.771305
Honfleur,2026-09-29,24.7,19.2,0.0,43,2026-09-25 17:01:00.771305
Honfleur,2026-09-30,23.5,19.8,6.75,59,2026-09-25 17:01:00.771305
Honfleur,2026-10-01,19.5,12.9,1.2,63,2026-09-25 17:01:00.771305
Amboise,2026-09-25,31.3,8.7,0.0,0,2026-09-25 17:01:00.771305
Amboise,2026-09-26,24.9,15.2,0.0,0,2026-09-25 17:01:00.771305
Amboise,2026-09-27,28.4,9.4,0.0,3,2026-09-25 17:01:00.771305
Amboise,2026-09-28,26.6,16.8,0.8,43,2026-09-25 17:01:00.771305
Amboise,2026-09-29,30.3,18.1,0.0,25,2026-09-25 17:01:00.771305
Amboise,2026-09-30,25.9,19.9,4.2,56,2026-09-25 17:01:00.771305
Amboise,2026-10-01,19.7,13.7,18.0,69,2026-09-25 17:01:00.771305
Rouen,2026-09-25,29.3,13.0,0.0,0,2026-09-25 17:01:00.771305
Rouen,2026-09-26,20.3,15.5,0.0,0,2026-09-25 17:01:00.771305
Rouen,2026-09-27,24.8,14.3,0.35,15,2026-09-25 17:01:00.771305
Rouen,2026-09-28,22.4,16.8,1.0,53,2026-09-25 17:01:00.771305
Rouen,2026-09-29,29.2,17.8,0.0,34,2026-09-25 17:01:00.771305
Rouen,2026-09-30,23.5,19.5,4.8,63,2026-09-25 17:01:00.771305
Rouen,2026-10-01,19.3,13.6,6.6,68,2026-09-25 17:01:00.771305
Nice,2026-09-25,19.4,13.7,0.0,5,2026-09-25 17:01:00.771305
Nice,2026-09-26,18.6,13.0,0.0,8,2026-09-25 17:01:00.771305
Nice,2026-09-27,20.3,12.5,0.0,0,2026-09-25 17:01:00.771305
Nice,2026-09-28,21.4,13.3,0.0,0,2026-09-25 17:01:00.771305
Nice,2026-09-29,22.1,14.6,0.0,4,2026-09-25 17:01:00.771305
Nice,2026-09-30,21.2,15.7,0.0,8,2026-09-25 17:01:00.771305
Nice,2026-10-01,18.0,14.7,15.3,46,2026-09-25 17:01:00.771305
Le Havre,2026-09-25,26.9,14.1,0.0,0,2026-09-25 17:01:00.771305
Le Havre,2026-09-26,18.4,13.6,0.0,3,2026-09-25 17:01:00.771305
Le Havre,2026-09-27,23.0,12.2,1.36,25,2026-09-25 17:01:00.771305
Le Havre,2026-09-28,19.7,14.4,12.5,73,2026-09-25 17:01:00.771305
Le Havre,2026-09-29,27.4,17.3,0.3,48,2026-09-25 17:01:00.771305
Le Havre,2026-09-30,22.0,19.0,12.9,69,2026-09-25 17:01:00.771305
Le Havre,2026-10-01,18.7,14.8,1.8,73,2026-09-25 17:01:00.771305
Angers,2026-09-25,30.9,13.8,0.0,0,2026-09-25 17:01:00.771305
Angers,2026-09-26,24.5,14.0,0.0,0,2026-09-25 17:01:00.771305
Angers,2026-09-27,26.2,14.9,0.0,8,2026-09-25 17:01:00.771305
Angers,2026-09-28,23.3,15.8,1.3,65,2026-09-25 17:01:00.771305
Angers,2026-09-29,29.5,17.3,0.0,34,2026-09-25 17:01:00.771305
Angers,2026-09-30,26.4,17.0,9.0,54,2026-09-25 17:01:00.771305
Angers,2026-10-01,19.5,14.1,1.5,61,2026-09-25 17:01:00.771305
Antibes,2026-09-25,26.0,21.7,0.0,0,2026-09-25 17:01:00.771305
Antibes,2026-09-26,25.9,19.7,0.0,3,2026-09-25 17:01:00.771305
Antibes,2026-09-27,26.8,19.9,0.0,0,2026-09-25 17:01:00.771305
Antibes,2026-09-28,27.4,18.7,0.0,0,2026-09-25 17:01:00.771305
Antibes,2026-09-29,27.1,19.4,0.0,0,2026-09-25 17:01:00.771305
Antibes,2026-09-30,26.8,19.6,0.0,10,2026-09-25 17:01:00.771305
Antibes,2026-10-01,24.6,20.3,0.0,34,2026-09-25 17:01:00.771305
Grenoble,2026-09-25,27.6,15.2,0.0,0,2026-09-25 17:01:00.771305
Grenoble,2026-09-26,29.5,14.0,0.0,0,2026-09-25 17:01:00.771305
Grenoble,2026-09-27,30.3,15.8,0.0,0,2026-09-25 17:01:00.771305
Grenoble,2026-09-28,28.4,13.9,0.0,0,2026-09-25 17:01:00.771305
Grenoble,2026-09-29,29.3,12.7,0.0,0,2026-09-25 17:01:00.771305
Grenoble,2026-09-30,26.4,17.9,0.0,14,2026-09-25 17:01:00.771305
Grenoble,2026-10-01,24.3,16.3,31.8,71,2026-09-25 17:01:00.771305
Saint-Tropez,2026-09-25,25.6,22.3,0.0,0,2026-09-25 17:01:00.771305
Saint-Tropez,2026-09-26,25.0,20.3,0.0,0,2026-09-25 17:01:00.771305
Saint-Tropez,2026-09-27,25.7,20.1,0.0,0,2026-09-25 17:01:00.771305
Saint-Tropez,2026-09-28,26.6,18.0,0.0,0,2026-09-25 17:01:00.771305
Saint-Tropez,2026-09-29,26.7,20.3,0.0,2,2026-09-25 17:01:00.771305
Saint-Tropez,2026-09-30,25.3,19.2,0.0,23,2026-09-25 17:01:00.771305
Saint-Tropez,2026-10-01,22.6,18.2,1.2,42,2026-09-25 17:01:00.771305
Villefranche-sur-Mer,2026-09-25,25.4,20.4,0.0,0,2026-09-25 17:01:00.771305
Villefranche-sur-Mer,2026-09-26,24.9,21.2,0.0,0,2026-09-25 17:01:00.771305
Villefranche-sur-Mer,2026-09-27,26.1,20.0,0.0,0,2026-09-25 17:01:00.771305
Villefranche-sur-Mer,2026-09-28,26.6,19.5,0.0,0,2026-09-25 17:01:00.771305
Villefranche-sur-Mer,2026-09-29,27.3,19.6,0.0,2,2026-09-25 17:01:00.771305
Villefranche-sur-Mer,2026-09-30,26.0,20.4,0.0,5,2026-09-25 17:01:00.771305
Villefranche-sur-Mer,2026-10-01,24.0,19.8,16.8,40,2026-09-25 17:01:00.771305
Bordeaux,2026-09-25,26.6,14.6,0.0,0,2026-09-25 17:01:00.771305
Bordeaux,2026-09-26,26.9,16.0,0.0,0,2026-09-25 17:01:00.771305
Bordeaux,2026-09-27,32.1,17.1,0.0,10,2026-09-25 17:01:00.771305
Bordeaux,2026-09-28,29.0,19.2,1.7,43,2026-09-25 17:01:00.771305
Bordeaux,2026-09-29,31.5,18.6,0.0,23,2026-09-25 17:01:00.771305
Bordeaux,2026-09-30,24.7,20.0,9.9,50,2026-09-25 17:01:00.771305
Bordeaux,2026-10-01,20.3,14.4,4.2,63,2026-09-25 17:01:00.771305
Annecy,2026-09-25,24.9,11.3,0.0,0,2026-09-25 17:01:00.771305
Annecy,2026-09-26,26.3,10.8,0.0,0,2026-09-25 17:01:00.771305
Annecy,2026-09-27,27.1,11.1,0.0,0,2026-09-25 17:01:00.771305
Annecy,2026-09-28,26.1,14.1,0.0,0,2026-09-25 17:01:00.771305
Annecy,2026-09-29,26.3,13.9,0.0,0,2026-09-25 17:01:00.771305
Annecy,2026-09-30,22.6,15.3,0.6,12,2026-09-25 17:01:00.771305
Annecy,2026-10-01,20.4,11.6,24.0,73,2026-09-25 17:01:00.771305
Colmar,2026-09-25,23.4,9.0,0.0,0,2026-09-25 17:01:00.771305
Colmar,2026-09-26,28.4,12.2,0.0,0,2026-09-25 17:01:00.771305
Colmar,2026-09-27,30.9,15.1,0.0,0,2026-09-25 17:01:00.771305
Colmar,2026-09-28,30.9,14.3,0.0,0,2026-09-25 17:01:00.771305
Colmar,2026-09-29,28.0,14.2,0.0,0,2026-09-25 17:01:00.771305
Colmar,2026-09-30,26.0,14.2,0.3,1,2026-09-25 17:01:00.771305
Colmar,2026-10-01,24.3,14.2,9.3,54,2026-09-25 17:01:00.771305
Épernay,2026-09-25,24.3,9.0,0.0,0,2026-09-25 17:01:00.771305
Épernay,2026-09-26,23.9,12.5,0.0,0,2026-09-25 17:01:00.771305
Épernay,2026-09-27,24.9,11.9,0.1,3,2026-09-25 17:01:00.771305
Épernay,2026-09-28,26.3,16.6,0.3,28,2026-09-25 17:01:00.771305
Épernay,2026-09-29,27.5,15.8,0.0,13,2026-09-25 17:01:00.771305
Épernay,2026-09-30,26.0,16.6,0.6,30,2026-09-25 17:01:00.771305
Épernay,2026-10-01,19.0,14.8,33.6,72,2026-09-25 17:01:00.771305
Grasse,2026-09-25,24.3,17.2,0.0,0,2026-09-25 17:01:00.771305
Grasse,2026-09-26,23.9,17.3,0.0,3,2026-09-25 17:01:00.771305
Grasse,2026-09-27,25.7,16.3,0.0,0,2026-09-25 17:01:00.771305
Grasse,2026-09-28,25.9,15.7,0.0,0,2026-09-25 17:01:00.771305
Grasse,2026-09-29,26.3,16.1,0.0,0,2026-09-25 17:01:00.771305
Grasse,2026-09-30,25.6,18.0,0.0,8,2026-09-25 17:01:00.771305
Grasse,2026-10-01,22.9,18.8,14.4,46,2026-09-25 17:01:00.771305
Bastia,2026-09-25,24.4,21.0,0.1,15,2026-09-25 17:01:00.771305
Bastia,2026-09-26,24.2,19.7,0.0,0,2026-09-25 17:01:00.771305
Bastia,2026-09-27,25.3,19.8,0.0,0,2026-09-25 17:01:00.771305
Bastia,2026-09-28,25.5,19.2,0.0,0,2026-09-25 17:01:00.771305
Bastia,2026-09-29,25.8,20.8,0.0,2,2026-09-25 17:01:00.771305
Bastia,2026-09-30,27.3,21.4,0.0,4,2026-09-25 17:01:00.771305
Bastia,2026-10-01,23.8,20.5,9.6,38,2026-09-25 17:01:00.771305
Toulon,2026-09-25,28.1,18.1,0.0,0,2026-09-25 17:01:00.771305
Toulon,2026-09-26,26.3,20.5,0.0,0,2026-09-25 17:01:00.771305
Toulon,2026-09-27,26.5,20.0,0.0,0,2026-09-25 17:01:00.771305
Toulon,2026-09-28,27.0,19.3,0.0,0,2026-09-25 17:01:00.771305
Toulon,2026-09-29,27.4,20.7,0.0,3,2026-09-25 17:01:00.771305
Toulon,2026-09-30,25.6,19.3,0.0,30,2026-09-25 17:01:00.771305
Toulon,2026-10-01,20.8,18.7,18.6,65,2026-09-25 17:01:00.771305
Bayonne,2026-09-25,21.5,14.9,0.0,0,2026-09-25 17:01:00.771305
Bayonne,2026-09-26,23.8,15.2,0.0,0,2026-09-25 17:01:00.771305
Bayonne,2026-09-27,24.1,15.1,0.7,18,2026-09-25 17:01:00.771305
Bayonne,2026-09-28,30.0,18.3,1.2,20,2026-09-25 17:01:00.771305
Bayonne,2026-09-29,30.3,21.2,0.3,9,2026-09-25 17:01:00.771305
Bayonne,2026-09-30,26.3,18.5,3.0,41,2026-09-25 17:01:00.771305
Bayonne,2026-10-01,18.0,15.8,5.7,54,2026-09-25 17:01:00.771305
Nantes,2026-09-25,29.2,11.7,0.0,0,2026-09-25 17:01:00.771305
Nantes,2026-09-26,24.9,13.3,0.0,0,2026-09-25 17:01:00.771305
Nantes,2026-09-27,24.3,14.2,0.0,20,2026-09-25 17:01:00.771305
Nantes,2026-09-28,21.4,18.6,8.3,70,2026-09-25 17:01:00.771305
Nantes,2026-09-29,27.4,18.6,0.0,36,2026-09-25 17:01:00.771305
Nantes,2026-09-30,21.9,18.2,1.2,45,2026-09-25 17:01:00.771305
Nantes,2026-10-01,20.7,14.8,0.6,41,2026-09-25 17:01:00.771305
La Ciotat,2026-09-25,27.7,17.4,0.0,0,2026-09-25 17:01:00.771305
La Ciotat,2026-09-26,24.7,17.4,0.0,0,2026-09-25 17:01:00.771305
La Ciotat,2026-09-27,25.1,17.9,0.0,0,2026-09-25 17:01:00.771305
La Ciotat,2026-09-28,26.3,18.5,0.0,0,2026-09-25 17:01:00.771305
La Ciotat,2026-09-29,27.1,19.1,0.0,1,2026-09-25 17:01:00.771305
La Ciotat,2026-09-30,26.4,20.9,0.0,30,2026-09-25 17:01:00.771305
La Ciotat,2026-10-01,21.2,18.7,31.8,69,2026-09-25 17:01:00.771305
