city,fetched_at,temperature_c,humidity,precipitation_mm,rain_mm,weather_code,wind_speed_kmh
La Rochelle,2026-09-25 16:01:35.204503,19.8,88,0.0,0.0,0,27.6
Sète,2026-09-25 16:01:35.204503,24.6,68,0.0,0.0,0,13.6
Perpignan,2026-09-25 16:01:35.204503,27.0,35,0.0,0.0,0,8.3
Paris,2026-09-25 16:01:35.204503,28.7,31,0.0,0.0,0,13.3
Rennes,2026-09-25 16:01:35.204503,25.3,50,0.0,0.0,0,21.3
Metz,2026-09-25 16:01:35.204503,21.6,32,0.0,0.0,1,5.1
Beaulieu-sur-Mer,2026-09-25 16:01:35.204503,24.0,64,0.0,0.0,3,11.3
Nîmes,2026-09-25 16:01:35.204503,28.1,40,0.0,0.0,0,16.5
Dijon,2026-09-25 16:01:35.204503,25.1,27,0.0,0.0,0,5.1
Nancy,2026-09-25 16:01:35.204503,23.7,17,0.0,0.0,0,4.4
Lyon,2026-09-25 16:01:35.204503,27.8,27,0.0,0.0,0,7.4
Lille,2026-09-25 16:01:35.204503,25.7,38,0.0,0.0,0,9.7
Orléans,2026-09-25 16:01:35.204503,17.3,83,0.0,0.0,3,29.9
Troyes,2026-09-25 16:01:35.204503,26.0,31,0.0,0.0,0,6.5
Menton,2026-09-25 16:01:35.204503,16.7,82,0.0,0.0,2,7.4
Carcassonne,2026-09-25 16:01:35.204503,33.0,17,0.0,0.0,0,15.9
Saint-Étienne,2026-09-25 16:01:35.204503,26.5,19,0.0,0.0,1,6.1
Saint-Raphaël,2026-09-25 16:01:35.204503,26.4,49,0.0,0.0,1,14.8
Mont Saint-Michel,2026-09-25 16:01:35.204503,18.6,84,0.0,0.0,1,30.0
Viviers,2026-09-25 16:01:35.204503,28.8,15,0.0,0.0,1,9.9
Collioure,2026-09-25 16:01:35.204503,27.5,34,0.0,0.0,3,12.7
Clermont-Ferrand,2026-09-25 16:01:35.204503,28.6,21,0.0,0.0,0,6.9
Ajaccio,2026-09-25 16:01:35.204503,23.2,57,0.0,0.0,3,6.8
Saint-Malo,2026-09-25 16:01:35.204503,18.7,75,0.0,0.0,1,18.6
Biarritz,2026-09-25 16:01:35.204503,25.5,21,0.0,0.0,0,7.4
Aix-en-Provence,2026-09-25 16:01:35.204503,25.4,56,0.0,0.0,1,15.3
Poitiers,2026-09-25 16:01:35.204503,30.1,32,0.0,0.0,0,14.1
Deauville,2026-09-25 16:01:35.204503,21.2,80,0.0,0.0,0,19.0
Reims,2026-09-25 16:01:35.204503,25.2,29,0.0,0.0,0,6.6
Montpellier,2026-09-25 16:01:35.204503,26.3,40,0.0,0.0,1,11.5
Versailles,2026-09-25 16:01:35.204503,25.6,47,0.0,0.0,0,22.7
Rocamadour,2026-09-25 16:01:35.204503,29.9,32,0.0,0.0,2,14.9
Cannes,2026-09-25 16:01:35.204503,23.6,62,0.0,0.0,3,9.9
Béziers,2026-09-25 16:01:35.204503,27.2,34,0.0,0.0,0,14.3
Salon-de-Provence,2026-09-25 16:01:35.204503,26.7,53,0.0,0.0,0,16.2
Marseille,2026-09-25 16:01:35.204503,26.5,62,0.0,0.0,2,12.8
Lourdes,2026-09-25 16:01:35.204503,34.2,22,0.0,0.0,0,10.1
Tours,2026-09-25 16:01:35.204503,31.2,25,0.0,0.0,0,8.6
Fréjus,2026-09-25 16:01:35.204503,24.9,57,0.0,0.0,3,12.6
Strasbourg,2026-09-25 16:01:35.204503,21.7,20,0.0,0.0,1,6.0
Toulouse,2026-09-25 16:01:35.204503,30.3,37,0.0,0.0,0,11.6
Mulhouse,2026-09-25 16:01:35.204503,22.0,34,0.0,0.0,0,5.9
Saint-Rémy-de-Provence,2026-09-25 16:01:35.204503,26.8,45,0.0,0.0,0,13.4
Étretat,2026-09-25 16:01:35.204503,20.6,80,0.0,0.0,0,13.0
Narbonne,2026-09-25 16:01:35.204503,26.3,39,0.0,0.0,0,12.2
Avignon,2026-09-25 16:01:35.204503,30.8,29,0.0,0.0,0,12.6
Blois,2026-09-25 16:01:35.204503,30.8,26,0.0,0.0,0,8.7
Besançon,2026-09-25 16:01:35.204503,23.1,42,0.0,0.0,0,1.8
Sarlat-la-Canéda,2026-09-25 16:01:35.204503,29.2,33,0.0,0.0,0,10.4
Arles,2026-09-25 16:01:35.204503,26.5,52,0.0,0.0,0,15.6
Èze,2026-09-25 16:01:35.204503,21.3,66,0.0,0.0,2,11.1
Honfleur,2026-09-25 16:01:35.204503,19.5,90,0.0,0.0,1,29.0
Amboise,2026-09-25 16:01:35.204503,30.9,25,0.0,0.0,0,10.5
Rouen,2026-09-25 16:01:35.204503,29.3,33,0.0,0.0,1,9.3
Nice,2026-09-25 16:01:35.204503,16.6,83,0.0,0.0,3,9.2
Le Havre,2026-09-25 16:01:35.204503,20.9,74,0.0,0.0,0,18.9
Angers,2026-09-25 16:01:35.204503,29.5,30,0.0,0.0,0,14.5
Antibes,2026-09-25 16:01:35.204503,24.9,58,0.0,0.0,3,12.3
Grenoble,2026-09-25 16:01:35.204503,27.0,26,0.0,0.0,1,13.9
Saint-Tropez,2026-09-25 16:01:35.204503,24.3,66,0.0,0.0,3,20.2
Villefranche-sur-Mer,2026-09-25 16:01:35.204503,24.2,64,0.0,0.0,3,11.3
Bordeaux,2026-09-25 16:01:35.204503,24.6,61,0.0,0.0,2,14.3
Annecy,2026-09-25 16:01:35.204503,24.2,36,0.0,0.0,0,3.0
Colmar,2026-09-25 16:01:35.204503,22.5,26,0.0,0.0,1,6.4
Épernay,2026-09-25 16:01:35.204503,23.2,34,0.0,0.0,0,5.8
Grasse,2026-09-25 16:01:35.204503,22.9,63,0.0,0.0,3,9.3
Bastia,2026-09-25 16:01:35.204503,23.7,49,0.0,0.0,0,7.3
Toulon,2026-09-25 16:01:35.204503,25.8,61,0.0,0.0,3,15.7
Bayonne,2026-09-25 16:01:35.204503,20.6,77,0.0,0.0,3,13.8
Nantes,2026-09-25 16:01:35.204503,22.9,61,0.0,0.0,0,18.8
La Ciotat,2026-09-25 16:01:35.204503,24.5,67,0.0,0.0,2,13.0
